{"cameraMode":{"drawMode":0,"name":"Shaded","section":"Shading Mode"},"sceneLighting":true,"audioPlay":false,"sceneViewState":{"showFog":true,"showMaterialUpdate":false,"showSkybox":true,"showFlares":true,"showImageEffects":true,"showParticleSystems":true},"in2DMode":false,"pivot":{"x":-14.010557174682618,"y":-10.69766616821289,"z":29.43141746520996},"rotation":{"x":-0.19378694891929627,"y":0.31080660223960879,"z":-0.06488282233476639,"w":-0.9282464385032654},"size":35.100074768066409,"orthographic":false}